{"cameraMode":{"drawMode":0,"name":"Shaded","section":"Shading Mode"},"sceneLighting":false,"audioPlay":false,"sceneViewState":{"m_AlwaysRefresh":false,"showFog":true,"showSkybox":false,"showFlares":true,"showImageEffects":true,"showParticleSystems":true,"showVisualEffectGraphs":true,"m_FxEnabled":true},"in2DMode":false,"pivot":{"x":2.456230878829956,"y":4.292156219482422,"z":-1.819544792175293},"rotation":{"x":0.4119570851325989,"y":-0.028404733166098596,"z":0.012872496619820595,"w":0.9106976389884949},"size":2.5240561962127687,"orthographic":false}