{"cameraMode":{"drawMode":0,"name":"Shaded","section":"Shading Mode"},"sceneLighting":false,"audioPlay":false,"sceneViewState":{"m_AlwaysRefresh":false,"showFog":true,"showSkybox":false,"showFlares":true,"showImageEffects":true,"showParticleSystems":true,"showVisualEffectGraphs":true,"m_FxEnabled":true},"in2DMode":false,"pivot":{"x":-0.058135271072387698,"y":0.5194926261901856,"z":-0.37139320373535159},"rotation":{"x":0.4119570851325989,"y":-0.028404733166098596,"z":0.012872496619820595,"w":0.9106976389884949},"size":2.5431363582611086,"orthographic":false}